"CTPRVN_NM","SIGNGU_NM","SIGNGU_CD","RESIDNT_2030_CNT","IBLLBR_FCLT_CNT","MUSEUM_FCLT_CNT","ARTGR_FCLT_CNT","PRFPLC_FCLT_CNT","FCLT_CNT","IBLLBR_RATE","MUSEUM_RATE","ARTGR_RATE","PRFPLC_RATE","FCLT_RATE","FILE_NAME","BASE_YMD"
"강원도","강릉시","42150","46816","4","17","2","2","25","0.00008544087491455900","0.00036312371838687600","0.00004272043745727960","0.00004272043745727960","0.00053400546821599500","KC_600_MIL_CLT_STATN_BIZAEA_2020","20201231"
"강원도","고성군","42820","5096","3","5","2","1","11","0.00058869701726844600","0.00098116169544741000","0.00039246467817896400","0.00019623233908948200","0.00215855572998430000","KC_600_MIL_CLT_STATN_BIZAEA_2020","20201231"
"강원도","동해시","42170","18638","3","0","1","1","5","0.00016096147655327800","0.00000000000000000000","0.00005365382551775940","0.00005365382551775940","0.00026826912758879700","KC_600_MIL_CLT_STATN_BIZAEA_2020","20201231"
"강원도","삼척시","42230","13145","3","4","0","1","8","0.00022822365918600200","0.00030429821224800300","0.00000000000000000000","0.00007607455306200080","0.00060859642449600600","KC_600_MIL_CLT_STATN_BIZAEA_2020","20201231"
"강원도","속초시","42210","18234","3","2","1","1","7","0.00016452780519907900","0.00010968520346605200","0.00005484260173302620","0.00005484260173302620","0.00038389821213118400","KC_600_MIL_CLT_STATN_BIZAEA_2020","20201231"
"강원도","양구군","42800","5733","1","5","1","1","8","0.00017442874585731700","0.00087214372928658600","0.00017442874585731700","0.00017442874585731700","0.00139542996685854000","KC_600_MIL_CLT_STATN_BIZAEA_2020","20201231"
"강원도","양양군","42830","4751","1","1","1","1","4","0.00021048200378867600","0.00021048200378867600","0.00021048200378867600","0.00021048200378867600","0.00084192801515470400","KC_600_MIL_CLT_STATN_BIZAEA_2020","20201231"
"강원도","영월군","42750","6103","2","21","2","1","26","0.00032770768474520700","0.00344093068982468000","0.00032770768474520700","0.00016385384237260400","0.00426019990168769000","KC_600_MIL_CLT_STATN_BIZAEA_2020","20201231"
"강원도","원주시","42130","90625","4","8","2","2","16","0.00004413793103448300","0.00008827586206896550","0.00002206896551724140","0.00002206896551724140","0.00017655172413793100","KC_600_MIL_CLT_STATN_BIZAEA_2020","20201231"
"강원도","인제군","42810","7906","2","6","2","1","11","0.00025297242600556500","0.00075891727801669600","0.00025297242600556500","0.00012648621300278300","0.00139134834303061000","KC_600_MIL_CLT_STATN_BIZAEA_2020","20201231"
"강원도","정선군","42770","5941","2","6","0","2","10","0.00033664366268305000","0.00100993098804915000","0.00000000000000000000","0.00033664366268305000","0.00168321831341525000","KC_600_MIL_CLT_STATN_BIZAEA_2020","20201231"
"강원도","철원군","42780","10518","4","0","0","1","5","0.00038030043734550300","0.00000000000000000000","0.00000000000000000000","0.00009507510933637570","0.00047537554668187900","KC_600_MIL_CLT_STATN_BIZAEA_2020","20201231"
"강원도","춘천시","42110","71508","10","10","4","1","25","0.00013984449292386900","0.00013984449292386900","0.00005593779716954750","0.00001398444929238690","0.00034961123230967200","KC_600_MIL_CLT_STATN_BIZAEA_2020","20201231"
"강원도","태백시","42190","7482","3","2","0","1","6","0.00040096230954290300","0.00026730820636193500","0.00000000000000000000","0.00013365410318096800","0.00080192461908580600","KC_600_MIL_CLT_STATN_BIZAEA_2020","20201231"
"강원도","평창군","42760","6508","5","2","0","1","8","0.00076828518746158600","0.00030731407498463400","0.00000000000000000000","0.00015365703749231700","0.00122925629993854000","KC_600_MIL_CLT_STATN_BIZAEA_2020","20201231"
"강원도","홍천군","42720","13018","2","2","0","1","5","0.00015363343063450600","0.00015363343063450600","0.00000000000000000000","0.00007681671531725300","0.00038408357658626500","KC_600_MIL_CLT_STATN_BIZAEA_2020","20201231"
"강원도","화천군","42790","6771","2","3","0","1","6","0.00029537734455767200","0.00044306601683650900","0.00000000000000000000","0.00014768867227883600","0.00088613203367301700","KC_600_MIL_CLT_STATN_BIZAEA_2020","20201231"
"강원도","횡성군","42730","7312","3","1","0","1","5","0.00041028446389496700","0.00013676148796498900","0.00000000000000000000","0.00013676148796498900","0.00068380743982494500","KC_600_MIL_CLT_STATN_BIZAEA_2020","20201231"
"경기도","가평군","41820","11986","4","0","4","1","9","0.00033372267645586500","0.00000000000000000000","0.00033372267645586500","0.00008343066911396630","0.00075087602202569700","KC_600_MIL_CLT_STATN_BIZAEA_2020","20201231"
"경기도","고양시","41281","293346","0","8","3","3","14","0.00000000000000000000","0.00002727154963762930","0.00001022683111411100","0.00001022683111411100","0.00004772521186585100","KC_600_MIL_CLT_STATN_BIZAEA_2020","20201231"
"경기도","고양시 덕양구","41281","93863","7","0","0","0","7","0.00007457677679170700","0.00000000000000000000","0.00000000000000000000","0.00000000000000000000","0.00007457677679170700","KC_600_MIL_CLT_STATN_BIZAEA_2020","20201231"
"경기도","고양시 일산동구","41285","66183","5","0","0","0","5","0.00007554810147621000","0.00000000000000000000","0.00000000000000000000","0.00000000000000000000","0.00007554810147621000","KC_600_MIL_CLT_STATN_BIZAEA_2020","20201231"
"경기도","고양시 일산서구","41287","65713","5","0","0","0","5","0.00007608844520871100","0.00000000000000000000","0.00000000000000000000","0.00000000000000000000","0.00007608844520871100","KC_600_MIL_CLT_STATN_BIZAEA_2020","20201231"
"경기도","과천시","41290","17181","3","4","2","1","10","0.00017461148943600500","0.00023281531924800700","0.00011640765962400300","0.00005820382981200160","0.00058203829812001600","KC_600_MIL_CLT_STATN_BIZAEA_2020","20201231"
"경기도","광명시","41210","79892","5","1","0","1","7","0.00006258448906023100","0.00001251689781204630","0.00000000000000000000","0.00001251689781204630","0.00008761828468432400","KC_600_MIL_CLT_STATN_BIZAEA_2020","20201231"
"경기도","광주시","41610","103068","6","5","2","1","14","0.00005821399464431300","0.00004851166220359370","0.00001940466488143750","0.00000970233244071875","0.00013583265417006200","KC_600_MIL_CLT_STATN_BIZAEA_2020","20201231"
"경기도","구리시","41310","53702","3","1","0","1","5","0.00005586384119772100","0.00001862128039924030","0.00000000000000000000","0.00001862128039924030","0.00009310640199620100","KC_600_MIL_CLT_STATN_BIZAEA_2020","20201231"
"경기도","군포시","41410","76724","6","0","0","1","7","0.00007820238777957400","0.00000000000000000000","0.00000000000000000000","0.00001303373129659560","0.00009123611907616900","KC_600_MIL_CLT_STATN_BIZAEA_2020","20201231"
"경기도","김포시","41570","126747","5","3","2","1","11","0.00003944866545164800","0.00002366919927098870","0.00001577946618065910","0.00000788973309032955","0.00008678706399362500","KC_600_MIL_CLT_STATN_BIZAEA_2020","20201231"
"경기도","남양주시","41360","174576","12","11","2","1","26","0.00006873797085510000","0.00006300980661717530","0.00001145632847585010","0.00000572816423792503","0.00014893227018605100","KC_600_MIL_CLT_STATN_BIZAEA_2020","20201231"
"경기도","동두천시","41250","21444","2","2","0","1","5","0.00009326618168252200","0.00009326618168252190","0.00000000000000000000","0.00004663309084126100","0.00023316545420630500","KC_600_MIL_CLT_STATN_BIZAEA_2020","20201231"
"경기도","부천시","41190","234176","0","9","0","2","11","0.00000000000000000000","0.00003843263186663020","0.00000000000000000000","0.00000854058485925116","0.00004697321672588100","KC_600_MIL_CLT_STATN_BIZAEA_2020","20201231"
"경기도","부천시 소사구","41190","195175","3","0","0","0","3","0.00001537082105802500","0.00000000000000000000","0.00000000000000000000","0.00000000000000000000","0.00001537082105802500","KC_600_MIL_CLT_STATN_BIZAEA_2020","20201231"
"경기도","부천시 오정구","41190","195175","2","0","0","0","2","0.00001024721403868300","0.00000000000000000000","0.00000000000000000000","0.00000000000000000000","0.00001024721403868300","KC_600_MIL_CLT_STATN_BIZAEA_2020","20201231"
"경기도","부천시 원미구","11380","195175","10","0","0","0","10","0.00005123607019341600","0.00000000000000000000","0.00000000000000000000","0.00000000000000000000","0.00005123607019341600","KC_600_MIL_CLT_STATN_BIZAEA_2020","20201231"
"경기도","성남시","41135","269520","0","2","4","1","7","0.00000000000000000000","0.00000742059958444642","0.00001484119916889280","0.00000371029979222321","0.00002597209854556300","KC_600_MIL_CLT_STATN_BIZAEA_2020","20201231"
"경기도","성남시 분당구","41135","111436","7","0","0","0","7","0.00006281632506550800","0.00000000000000000000","0.00000000000000000000","0.00000000000000000000","0.00006281632506550800","KC_600_MIL_CLT_STATN_BIZAEA_2020","20201231"
"경기도","성남시 수정구","41131","57381","3","0","0","0","3","0.00005228211428870200","0.00000000000000000000","0.00000000000000000000","0.00000000000000000000","0.00005228211428870200","KC_600_MIL_CLT_STATN_BIZAEA_2020","20201231"
"경기도","성남시 중원구","41133","49531","3","0","0","0","3","0.00006056812905049400","0.00000000000000000000","0.00000000000000000000","0.00000000000000000000","0.00006056812905049400","KC_600_MIL_CLT_STATN_BIZAEA_2020","20201231"
"경기도","수원시","41117","365710","0","7","2","3","12","0.00000000000000000000","0.00001914084930682780","0.00000546881408766509","0.00000820322113149764","0.00003281288452599100","KC_600_MIL_CLT_STATN_BIZAEA_2020","20201231"
"경기도","수원시 권선구","41113","82630","7","0","0","0","7","0.00008471499455403600","0.00000000000000000000","0.00000000000000000000","0.00000000000000000000","0.00008471499455403600","KC_600_MIL_CLT_STATN_BIZAEA_2020","20201231"
"경기도","수원시 영통구","41117","77451","8","0","0","0","8","0.00010329111309085700","0.00000000000000000000","0.00000000000000000000","0.00000000000000000000","0.00010329111309085700","KC_600_MIL_CLT_STATN_BIZAEA_2020","20201231"
"경기도","수원시 장안구","41111","64050","5","0","0","0","5","0.00007806401249024200","0.00000000000000000000","0.00000000000000000000","0.00000000000000000000","0.00007806401249024200","KC_600_MIL_CLT_STATN_BIZAEA_2020","20201231"
"경기도","수원시 팔달구","41115","48361","6","0","0","0","6","0.00012406691342197200","0.00000000000000000000","0.00000000000000000000","0.00000000000000000000","0.00012406691342197200","KC_600_MIL_CLT_STATN_BIZAEA_2020","20201231"
"경기도","시흥시","41390","145996","10","1","1","0","12","0.00006849502726102100","0.00000684950272610208","0.00000684950272610208","0.00000000000000000000","0.00008219403271322500","KC_600_MIL_CLT_STATN_BIZAEA_2020","20201231"
"경기도","안산시","41271","191833","0","5","6","1","12","0.00000000000000000000","0.00002606433720996910","0.00003127720465196290","0.00000521286744199382","0.00006255440930392600","KC_600_MIL_CLT_STATN_BIZAEA_2020","20201231"
"경기도","안산시 단원구","41273","94144","7","0","0","0","7","0.00007435418082936800","0.00000000000000000000","0.00000000000000000000","0.00000000000000000000","0.00007435418082936800","KC_600_MIL_CLT_STATN_BIZAEA_2020","20201231"
"경기도","안산시 상록구","41271","84721","8","0","0","0","8","0.00009442759174230700","0.00000000000000000000","0.00000000000000000000","0.00000000000000000000","0.00009442759174230700","KC_600_MIL_CLT_STATN_BIZAEA_2020","20201231"
"경기도","안성시","41550","45622","5","3","1","1","10","0.00010959624742448800","0.00006575774845469290","0.00002191924948489760","0.00002191924948489760","0.00021919249484897600","KC_600_MIL_CLT_STATN_BIZAEA_2020","20201231"
"경기도","안양시","41171","154593","0","3","0","2","5","0.00000000000000000000","0.00001940579457025870","0.00000000000000000000","0.00001293719638017250","0.00003234299095043100","KC_600_MIL_CLT_STATN_BIZAEA_2020","20201231"
"경기도","안양시 동안구","41173","72028","6","0","0","0","6","0.00008330093852390700","0.00000000000000000000","0.00000000000000000000","0.00000000000000000000","0.00008330093852390700","KC_600_MIL_CLT_STATN_BIZAEA_2020","20201231"
"경기도","안양시 만안구","41171","56828","4","0","0","0","4","0.00007038783698177000","0.00000000000000000000","0.00000000000000000000","0.00000000000000000000","0.00007038783698177000","KC_600_MIL_CLT_STATN_BIZAEA_2020","20201231"
"경기도","양주시","41630","55467","7","2","2","1","12","0.00012620116465646200","0.00003605747561613210","0.00003605747561613210","0.00001802873780806610","0.00021634485369679300","KC_600_MIL_CLT_STATN_BIZAEA_2020","20201231"
"경기도","양평군","41830","21393","6","8","3","1","18","0.00028046557285093300","0.00037395409713457700","0.00014023278642546600","0.00004674426214182210","0.00084139671855279800","KC_600_MIL_CLT_STATN_BIZAEA_2020","20201231"
"경기도","여주시","41670","23647","4","14","3","1","22","0.00016915464963843200","0.00059204127373451200","0.00012686598722882400","0.00004228866240960800","0.00093035057301137600","KC_600_MIL_CLT_STATN_BIZAEA_2020","20201231"
"경기도","연천군","41800","9617","2","1","0","1","4","0.00020796506186960600","0.00010398253093480300","0.00000000000000000000","0.00010398253093480300","0.00041593012373921200","KC_600_MIL_CLT_STATN_BIZAEA_2020","20201231"
"경기도","오산시","48330","70233","6","2","1","1","10","0.00008542992610311400","0.00002847664203437130","0.00001423832101718570","0.00001423832101718570","0.00014238321017185700","KC_600_MIL_CLT_STATN_BIZAEA_2020","20201231"
"경기도","용인시","41463","283366","0","15","5","3","23","0.00000000000000000000","0.00005293507336801170","0.00001764502445600390","0.00001058701467360230","0.00008116711249761800","KC_600_MIL_CLT_STATN_BIZAEA_2020","20201231"
"경기도","용인시 기흥구","41463","91666","6","0","0","0","6","0.00006545502149106500","0.00000000000000000000","0.00000000000000000000","0.00000000000000000000","0.00006545502149106500","KC_600_MIL_CLT_STATN_BIZAEA_2020","20201231"
"경기도","용인시 수지구","41465","76592","4","0","0","0","4","0.00005222477543346600","0.00000000000000000000","0.00000000000000000000","0.00000000000000000000","0.00005222477543346600","KC_600_MIL_CLT_STATN_BIZAEA_2020","20201231"
"경기도","용인시 처인구","41461","54320","8","0","0","0","8","0.00014727540500736400","0.00000000000000000000","0.00000000000000000000","0.00000000000000000000","0.00014727540500736400","KC_600_MIL_CLT_STATN_BIZAEA_2020","20201231"
"경기도","의왕시","41430","46480","3","2","1","0","6","0.00006454388984509500","0.00004302925989672980","0.00002151462994836490","0.00000000000000000000","0.00012908777969018900","KC_600_MIL_CLT_STATN_BIZAEA_2020","20201231"
"경기도","의정부시","41150","124267","5","0","1","1","7","0.00004023594357311300","0.00000000000000000000","0.00000804718871462255","0.00000804718871462255","0.00005633032100235800","KC_600_MIL_CLT_STATN_BIZAEA_2020","20201231"
"경기도","이천시","41500","60670","5","4","2","1","12","0.00008241305422779000","0.00006593044338223170","0.00003296522169111590","0.00001648261084555790","0.00019779133014669500","KC_600_MIL_CLT_STATN_BIZAEA_2020","20201231"
"경기도","파주시","41480","123719","16","13","4","4","37","0.00012932532594023600","0.00010507682732644100","0.00003233133148505890","0.00003233133148505890","0.00029906481623679500","KC_600_MIL_CLT_STATN_BIZAEA_2020","20201231"
"경기도","평택시","41220","152874","11","0","0","3","14","0.00007195468163324000","0.00000000000000000000","0.00000000000000000000","0.00001962400408179290","0.00009157868571503300","KC_600_MIL_CLT_STATN_BIZAEA_2020","20201231"
"경기도","포천시","41650","32503","7","5","0","1","13","0.00021536473556287100","0.00015383195397347900","0.00000000000000000000","0.00003076639079469590","0.00039996308033104600","KC_600_MIL_CLT_STATN_BIZAEA_2020","20201231"
"경기도","하남시","41450","85705","4","1","0","1","6","0.00004667172276996700","0.00001166793069249170","0.00000000000000000000","0.00001166793069249170","0.00007000758415495000","KC_600_MIL_CLT_STATN_BIZAEA_2020","20201231"
"경기도","화성시","41590","255142","13","4","1","3","21","0.00005095201887576300","0.00001567754426946560","0.00000391938606736641","0.00001175815820209920","0.00008230710741469500","KC_600_MIL_CLT_STATN_BIZAEA_2020","20201231"
"경상남도","거제시","48310","61316","6","6","0","1","13","0.00009785374127470800","0.00009785374127470810","0.00000000000000000000","0.00001630895687911800","0.00021201643942853400","KC_600_MIL_CLT_STATN_BIZAEA_2020","20201231"
"경상남도","거창군","48880","11005","2","1","0","1","4","0.00018173557473875500","0.00009086778736937760","0.00000000000000000000","0.00009086778736937760","0.00036347114947751000","KC_600_MIL_CLT_STATN_BIZAEA_2020","20201231"
"경상남도","고성군","48820","7822","2","6","0","1","9","0.00025568908207619500","0.00076706724622858600","0.00000000000000000000","0.00012784454103809800","0.00115060086934288000","KC_600_MIL_CLT_STATN_BIZAEA_2020","20201231"
"경상남도","김해시","48250","138922","8","11","2","2","23","0.00005758627143289000","0.00007918112322022430","0.00001439656785822260","0.00001439656785822260","0.00016556053036956000","KC_600_MIL_CLT_STATN_BIZAEA_2020","20201231"
"경상남도","남해군","48840","5781","2","1","0","1","4","0.00034596090641757500","0.00017298045320878700","0.00000000000000000000","0.00017298045320878700","0.00069192181283515000","KC_600_MIL_CLT_STATN_BIZAEA_2020","20201231"
"경상남도","밀양시","48270","18140","4","5","0","1","10","0.00022050716648291100","0.00027563395810363800","0.00000000000000000000","0.00005512679162072770","0.00055126791620727700","KC_600_MIL_CLT_STATN_BIZAEA_2020","20201231"
"경상남도","사천시","48240","22743","3","1","1","1","6","0.00013190871916633700","0.00004396957305544560","0.00004396957305544560","0.00004396957305544560","0.00026381743833267400","KC_600_MIL_CLT_STATN_BIZAEA_2020","20201231"
"경상남도","산청군","48860","4614","1","6","0","1","8","0.00021673168617251800","0.00130039011703511000","0.00000000000000000000","0.00021673168617251800","0.00173385348938015000","KC_600_MIL_CLT_STATN_BIZAEA_2020","20201231"
"경상남도","양산시","48330","90165","5","2","0","1","8","0.00005545389009039000","0.00002218155603615590","0.00000000000000000000","0.00001109077801807800","0.00008872622414462400","KC_600_MIL_CLT_STATN_BIZAEA_2020","20201231"
"경상남도","의령군","48720","3800","1","2","0","1","4","0.00026315789473684200","0.00052631578947368400","0.00000000000000000000","0.00026315789473684200","0.00105263157894737000","KC_600_MIL_CLT_STATN_BIZAEA_2020","20201231"
"경상남도","진주시","48170","86792","7","8","1","1","17","0.00008065259470919000","0.00009217439395335980","0.00001152179924417000","0.00001152179924417000","0.00019587058715088900","KC_600_MIL_CLT_STATN_BIZAEA_2020","20201231"
"경상남도","창녕군","48740","10080","3","3","0","1","7","0.00029761904761904800","0.00029761904761904800","0.00000000000000000000","0.00009920634920634920","0.00069444444444444400","KC_600_MIL_CLT_STATN_BIZAEA_2020","20201231"
"경상남도","창원시","48129","264834","0","9","3","3","15","0.00000000000000000000","0.00003398355196085100","0.00001132785065361700","0.00001132785065361700","0.00005663925326808500","KC_600_MIL_CLT_STATN_BIZAEA_2020","20201231"
"경상남도","창원시 마산합포구","48127","38624","3","0","0","0","3","0.00007767191383595700","0.00000000000000000000","0.00000000000000000000","0.00000000000000000000","0.00007767191383595700","KC_600_MIL_CLT_STATN_BIZAEA_2020","20201231"
"경상남도","창원시 마산회원구","48127","43444","4","0","0","0","4","0.00009207255317190000","0.00000000000000000000","0.00000000000000000000","0.00000000000000000000","0.00009207255317190000","KC_600_MIL_CLT_STATN_BIZAEA_2020","20201231"
"경상남도","창원시 성산구","48127","51158","3","0","0","0","3","0.00005864185464639000","0.00000000000000000000","0.00000000000000000000","0.00000000000000000000","0.00005864185464639000","KC_600_MIL_CLT_STATN_BIZAEA_2020","20201231"
"경상남도","창원시 의창구","48121","54142","4","0","0","0","4","0.00007387979756935500","0.00000000000000000000","0.00000000000000000000","0.00000000000000000000","0.00007387979756935500","KC_600_MIL_CLT_STATN_BIZAEA_2020","20201231"
"경상남도","창원시 진해구","48129","39691","3","0","0","0","3","0.00007558388551560800","0.00000000000000000000","0.00000000000000000000","0.00000000000000000000","0.00007558388551560800","KC_600_MIL_CLT_STATN_BIZAEA_2020","20201231"
"경상남도","통영시","48220","25254","5","2","2","2","11","0.00019798843747525100","0.00007919537499010060","0.00007919537499010060","0.00007919537499010060","0.00043557456244555300","KC_600_MIL_CLT_STATN_BIZAEA_2020","20201231"
"경상남도","하동군","48850","6281","1","2","0","1","4","0.00015921031682853000","0.00031842063365706100","0.00000000000000000000","0.00015921031682853000","0.00063684126731412200","KC_600_MIL_CLT_STATN_BIZAEA_2020","20201231"
"경상남도","함안군","48730","11187","2","1","0","1","4","0.00017877893984088700","0.00008938946992044340","0.00000000000000000000","0.00008938946992044340","0.00035755787968177300","KC_600_MIL_CLT_STATN_BIZAEA_2020","20201231"
"경상남도","함양군","48870","5741","1","1","0","1","3","0.00017418568193694500","0.00017418568193694500","0.00000000000000000000","0.00017418568193694500","0.00052255704581083400","KC_600_MIL_CLT_STATN_BIZAEA_2020","20201231"
"경상남도","합천군","48890","5624","1","3","0","1","5","0.00017780938833570400","0.00053342816500711200","0.00000000000000000000","0.00017780938833570400","0.00088904694167852100","KC_600_MIL_CLT_STATN_BIZAEA_2020","20201231"
"경상북도","경산시","47290","69137","3","8","1","1","13","0.00004339210552960100","0.00011571228141226800","0.00001446403517653350","0.00001446403517653350","0.00018803245729493600","KC_600_MIL_CLT_STATN_BIZAEA_2020","20201231"
"경상북도","경주시","47130","52483","7","8","3","2","20","0.00013337652192138400","0.00015243031076729600","0.00005716136653773600","0.00003810757769182400","0.00038107577691824000","KC_600_MIL_CLT_STATN_BIZAEA_2020","20201231"
"경상북도","고령군","47830","4792","2","2","0","1","5","0.00041736227045075100","0.00041736227045075100","0.00000000000000000000","0.00020868113522537600","0.00104340567612688000","KC_600_MIL_CLT_STATN_BIZAEA_2020","20201231"
"경상북도","구미시","47190","122347","6","1","0","2","9","0.00004904084284861900","0.00000817347380810318","0.00000000000000000000","0.00001634694761620640","0.00007356126427292900","KC_600_MIL_CLT_STATN_BIZAEA_2020","20201231"
"경상북도","군위군","47720","2846","1","2","0","1","4","0.00035137034434293700","0.00070274068868587500","0.00000000000000000000","0.00035137034434293700","0.00140548137737175000","KC_600_MIL_CLT_STATN_BIZAEA_2020","20201231"
"경상북도","김천시","47150","29870","1","2","1","2","6","0.00003347840642785400","0.00006695681285570810","0.00003347840642785400","0.00006695681285570810","0.00020087043856712400","KC_600_MIL_CLT_STATN_BIZAEA_2020","20201231"
"경상북도","문경시","47280","11857","5","6","0","1","12","0.00042169182761238100","0.00050603019313485700","0.00000000000000000000","0.00008433836552247620","0.00101206038626971000","KC_600_MIL_CLT_STATN_BIZAEA_2020","20201231"
"경상북도","봉화군","47920","3992","1","2","0","0","3","0.00025050100200400800","0.00050100200400801600","0.00000000000000000000","0.00000000000000000000","0.00075150300601202400","KC_600_MIL_CLT_STATN_BIZAEA_2020","20201231"
"경상북도","상주시","47250","15691","2","6","0","1","9","0.00012746160219234000","0.00038238480657701900","0.00000000000000000000","0.00006373080109616980","0.00057357720986552800","KC_600_MIL_CLT_STATN_BIZAEA_2020","20201231"
"경상북도","성주군","47840","6747","2","0","0","1","3","0.00029642804209278200","0.00000000000000000000","0.00000000000000000000","0.00014821402104639100","0.00044464206313917300","KC_600_MIL_CLT_STATN_BIZAEA_2020","20201231"
"경상북도","안동시","47170","32173","5","9","0","1","15","0.00015540981568395900","0.00027973766823112500","0.00000000000000000000","0.00003108196313679170","0.00046622944705187600","KC_600_MIL_CLT_STATN_BIZAEA_2020","20201231"
"경상북도","영덕군","47770","4870","1","0","0","1","2","0.00020533880903490800","0.00000000000000000000","0.00000000000000000000","0.00020533880903490800","0.00041067761806981500","KC_600_MIL_CLT_STATN_BIZAEA_2020","20201231"
"경상북도","영양군","47760","2171","1","1","0","1","3","0.00046061722708429300","0.00046061722708429300","0.00000000000000000000","0.00046061722708429300","0.00138185168125288000","KC_600_MIL_CLT_STATN_BIZAEA_2020","20201231"
"경상북도","영주시","47210","18184","3","3","0","2","8","0.00016498020237571500","0.00016498020237571500","0.00000000000000000000","0.00010998680158381000","0.00043994720633524000","KC_600_MIL_CLT_STATN_BIZAEA_2020","20201231"
"경상북도","영천시","47230","19575","2","2","1","1","6","0.00010217113665389500","0.00010217113665389500","0.00005108556832694760","0.00005108556832694760","0.00030651340996168600","KC_600_MIL_CLT_STATN_BIZAEA_2020","20201231"
"경상북도","예천군","47900","9590","1","2","1","1","5","0.00010427528675703900","0.00020855057351407700","0.00010427528675703900","0.00010427528675703900","0.00052137643378519300","KC_600_MIL_CLT_STATN_BIZAEA_2020","20201231"
"경상북도","울릉군","47940","1704","1","1","0","1","3","0.00058685446009389700","0.00058685446009389700","0.00000000000000000000","0.00058685446009389700","0.00176056338028169000","KC_600_MIL_CLT_STATN_BIZAEA_2020","20201231"
"경상북도","울진군","47930","8795","3","1","1","1","6","0.00034110289937464500","0.00011370096645821500","0.00011370096645821500","0.00011370096645821500","0.00068220579874928900","KC_600_MIL_CLT_STATN_BIZAEA_2020","20201231"
"경상북도","의성군","47730","6414","2","3","0","1","6","0.00031181789834736500","0.00046772684752104800","0.00000000000000000000","0.00015590894917368300","0.00093545369504209500","KC_600_MIL_CLT_STATN_BIZAEA_2020","20201231"
"경상북도","청도군","47820","5658","2","1","1","0","4","0.00035348179568752200","0.00017674089784376100","0.00017674089784376100","0.00000000000000000000","0.00070696359137504400","KC_600_MIL_CLT_STATN_BIZAEA_2020","20201231"
"경상북도","청송군","47750","3426","2","2","1","1","6","0.00058377116170461200","0.00058377116170461200","0.00029188558085230600","0.00029188558085230600","0.00175131348511384000","KC_600_MIL_CLT_STATN_BIZAEA_2020","20201231"
"경상북도","칠곡군","47850","27210","4","2","0","1","7","0.00014700477765527400","0.00007350238882763690","0.00000000000000000000","0.00003675119441381840","0.00025725836089672900","KC_600_MIL_CLT_STATN_BIZAEA_2020","20201231"
"경상북도","포항시","47111","116257","0","5","0","3","8","0.00000000000000000000","0.00004300816294932780","0.00000000000000000000","0.00002580489776959670","0.00006881306071892500","KC_600_MIL_CLT_STATN_BIZAEA_2020","20201231"
"경상북도","포항시 남구","47111","49158","5","0","0","0","5","0.00010171284429797800","0.00000000000000000000","0.00000000000000000000","0.00000000000000000000","0.00010171284429797800","KC_600_MIL_CLT_STATN_BIZAEA_2020","20201231"
"경상북도","포항시 북구","47113","55043","3","0","0","0","3","0.00005450284323165500","0.00000000000000000000","0.00000000000000000000","0.00000000000000000000","0.00005450284323165500","KC_600_MIL_CLT_STATN_BIZAEA_2020","20201231"
"광주광역시","광산구","29200","113694","6","0","0","1","7","0.00005277323341601100","0.00000000000000000000","0.00000000000000000000","0.00000879553890266857","0.00006156877231868000","KC_600_MIL_CLT_STATN_BIZAEA_2020","20201231"
"광주광역시","남구","29155","53682","5","1","3","2","11","0.00009314109012331900","0.00001862821802466380","0.00005588465407399130","0.00003725643604932750","0.00020491039827130100","KC_600_MIL_CLT_STATN_BIZAEA_2020","20201231"
"광주광역시","동구","29110","28162","3","5","7","1","16","0.00010652652510475100","0.00017754420850791800","0.00024856189191108600","0.00003550884170158370","0.00056814146722533900","KC_600_MIL_CLT_STATN_BIZAEA_2020","20201231"
"광주광역시","북구","29170","118406","4","6","2","1","13","0.00003378207185446700","0.00005067310778170030","0.00001689103592723340","0.00000844551796361671","0.00010979173352701700","KC_600_MIL_CLT_STATN_BIZAEA_2020","20201231"
"광주광역시","서구","29140","82344","5","0","0","2","7","0.00006072087826678300","0.00000000000000000000","0.00000000000000000000","0.00002428835130671330","0.00008500922957349700","KC_600_MIL_CLT_STATN_BIZAEA_2020","20201231"
"대구광역시","남구","27200","37645","3","0","1","1","5","0.00007969185814849300","0.00000000000000000000","0.00002656395271616420","0.00002656395271616420","0.00013281976358082100","KC_600_MIL_CLT_STATN_BIZAEA_2020","20201231"
"대구광역시","달서구","27290","146703","8","1","1","2","12","0.00005453194549532100","0.00000681649318691506","0.00000681649318691506","0.00001363298637383010","0.00008179791824298100","KC_600_MIL_CLT_STATN_BIZAEA_2020","20201231"
"대구광역시","달성군","27710","70714","3","1","0","1","5","0.00004242441383601600","0.00001414147127867180","0.00000000000000000000","0.00001414147127867180","0.00007070735639335900","KC_600_MIL_CLT_STATN_BIZAEA_2020","20201231"
"대구광역시","동구","27140","85831","5","4","0","1","10","0.00005825401078864300","0.00004660320863091420","0.00000000000000000000","0.00001165080215772860","0.00011650802157728600","KC_600_MIL_CLT_STATN_BIZAEA_2020","20201231"
"대구광역시","북구","27230","116404","7","3","1","2","13","0.00006013539053640800","0.00002577231022988900","0.00000859077007662967","0.00001718154015325930","0.00011168001099618600","KC_600_MIL_CLT_STATN_BIZAEA_2020","20201231"
"대구광역시","서구","27170","39315","5","0","0","1","6","0.00012717792191275600","0.00000000000000000000","0.00000000000000000000","0.00002543558438255120","0.00015261350629530700","KC_600_MIL_CLT_STATN_BIZAEA_2020","20201231"
"대구광역시","수성구","27260","98587","7","3","1","1","12","0.00007100327629403500","0.00003042997555458630","0.00001014332518486210","0.00001014332518486210","0.00012171990221834500","KC_600_MIL_CLT_STATN_BIZAEA_2020","20201231"
"대구광역시","중구","27110","22712","3","4","0","2","9","0.00013208876364917200","0.00017611835153223000","0.00000000000000000000","0.00008805917576611480","0.00039626629094751700","KC_600_MIL_CLT_STATN_BIZAEA_2020","20201231"
"대전광역시","대덕구","30230","44613","3","3","0","1","7","0.00006724497343823600","0.00006724497343823550","0.00000000000000000000","0.00002241499114607850","0.00015690493802254900","KC_600_MIL_CLT_STATN_BIZAEA_2020","20201231"
"대전광역시","동구","30110","55837","8","3","0","0","11","0.00014327417303938200","0.00005372781488976840","0.00000000000000000000","0.00000000000000000000","0.00019700198792915100","KC_600_MIL_CLT_STATN_BIZAEA_2020","20201231"
"대전광역시","서구","30170","140464","4","1","3","2","10","0.00002847704749971500","0.00000711926187492881","0.00002135778562478640","0.00001423852374985760","0.00007119261874928800","KC_600_MIL_CLT_STATN_BIZAEA_2020","20201231"
"대전광역시","유성구","30200","109236","6","6","2","0","14","0.00005492694716027700","0.00005492694716027680","0.00001830898238675890","0.00000000000000000000","0.00012816287670731300","KC_600_MIL_CLT_STATN_BIZAEA_2020","20201231"
"대전광역시","중구","30140","57392","3","1","0","1","5","0.00005227209367159200","0.00001742403122386400","0.00000000000000000000","0.00001742403122386400","0.00008712015611932000","KC_600_MIL_CLT_STATN_BIZAEA_2020","20201231"
"부산광역시","강서구","11530","39517","2","1","0","0","3","0.00005061112938735200","0.00002530556469367610","0.00000000000000000000","0.00000000000000000000","0.00007591669408102800","KC_600_MIL_CLT_STATN_BIZAEA_2020","20201231"
"부산광역시","금정구","26410","58881","2","3","2","1","8","0.00003396681442230900","0.00005095022163346410","0.00003396681442230940","0.00001698340721115470","0.00013586725768923800","KC_600_MIL_CLT_STATN_BIZAEA_2020","20201231"
"부산광역시","기장군","26710","41930","5","1","0","0","6","0.00011924636298592900","0.00002384927259718580","0.00000000000000000000","0.00000000000000000000","0.00014309563558311500","KC_600_MIL_CLT_STATN_BIZAEA_2020","20201231"
"부산광역시","남구","26290","65600","2","5","1","2","10","0.00003048780487804900","0.00007621951219512200","0.00001524390243902440","0.00003048780487804880","0.00015243902439024400","KC_600_MIL_CLT_STATN_BIZAEA_2020","20201231"
"부산광역시","동구","26170","20939","2","0","0","1","3","0.00009551554515497400","0.00000000000000000000","0.00000000000000000000","0.00004775777257748700","0.00014327331773246100","KC_600_MIL_CLT_STATN_BIZAEA_2020","20201231"
"부산광역시","동래구","26260","66094","3","3","0","1","7","0.00004538989923442400","0.00004538989923442370","0.00000000000000000000","0.00001512996641147460","0.00010590976488032200","KC_600_MIL_CLT_STATN_BIZAEA_2020","20201231"
"부산광역시","부산진구","26230","100519","4","4","0","0","8","0.00003979347188093800","0.00003979347188093790","0.00000000000000000000","0.00000000000000000000","0.00007958694376187600","KC_600_MIL_CLT_STATN_BIZAEA_2020","20201231"
"부산광역시","북구","26320","71579","5","2","0","1","8","0.00006985288981405200","0.00002794115592562060","0.00000000000000000000","0.00001397057796281030","0.00011176462370248300","KC_600_MIL_CLT_STATN_BIZAEA_2020","20201231"
"부산광역시","사상구","26530","54384","1","2","0","0","3","0.00001838776110620800","0.00003677552221241540","0.00000000000000000000","0.00000000000000000000","0.00005516328331862300","KC_600_MIL_CLT_STATN_BIZAEA_2020","20201231"
"부산광역시","사하구","26380","77329","2","1","1","1","5","0.00002586351821438300","0.00001293175910719140","0.00001293175910719140","0.00001293175910719140","0.00006465879553595700","KC_600_MIL_CLT_STATN_BIZAEA_2020","20201231"
"부산광역시","서구","26140","24801","1","2","1","0","4","0.00004032095480021000","0.00008064190960041930","0.00004032095480020970","0.00000000000000000000","0.00016128381920083900","KC_600_MIL_CLT_STATN_BIZAEA_2020","20201231"
"부산광역시","수영구","26500","48174","2","0","0","0","2","0.00004151617054842900","0.00000000000000000000","0.00000000000000000000","0.00000000000000000000","0.00004151617054842900","KC_600_MIL_CLT_STATN_BIZAEA_2020","20201231"
"부산광역시","연제구","26470","53707","2","1","0","0","3","0.00003723909360046200","0.00001861954680023090","0.00000000000000000000","0.00000000000000000000","0.00005585864040069300","KC_600_MIL_CLT_STATN_BIZAEA_2020","20201231"
"부산광역시","영도구","26200","22712","2","3","0","1","6","0.00008805917576611500","0.00013208876364917200","0.00000000000000000000","0.00004402958788305740","0.00026417752729834400","KC_600_MIL_CLT_STATN_BIZAEA_2020","20201231"
"부산광역시","중구","26110","10104","1","2","1","1","5","0.00009897070467141700","0.00019794140934283500","0.00009897070467141730","0.00009897070467141730","0.00049485352335708600","KC_600_MIL_CLT_STATN_BIZAEA_2020","20201231"
"부산광역시","해운대구","26350","96075","6","0","2","2","10","0.00006245120999219400","0.00000000000000000000","0.00002081706999739790","0.00002081706999739790","0.00010408534998698900","KC_600_MIL_CLT_STATN_BIZAEA_2020","20201231"
"서울특별시","강남구","11680","156276","13","7","4","0","24","0.00008318615782333800","0.00004479254652025900","0.00002559574086871940","0.00000000000000000000","0.00015357444521231700","KC_600_MIL_CLT_STATN_BIZAEA_2020","20201231"
"서울특별시","강동구","11740","133101","8","2","0","1","11","0.00006010473249637500","0.00001502618312409370","0.00000000000000000000","0.00000751309156204687","0.00008264400718251600","KC_600_MIL_CLT_STATN_BIZAEA_2020","20201231"
"서울특별시","강북구","11305","81706","7","3","0","1","11","0.00008567302278902400","0.00003671700976672460","0.00000000000000000000","0.00001223900325557490","0.00013462903581132400","KC_600_MIL_CLT_STATN_BIZAEA_2020","20201231"
"서울특별시","강서구","11500","186541","9","2","1","0","12","0.00004824676612648200","0.00001072150358366260","0.00000536075179183129","0.00000000000000000000","0.00006432902150197500","KC_600_MIL_CLT_STATN_BIZAEA_2020","20201231"
"서울특별시","관악구","11620","196363","5","2","2","1","10","0.00002546304548209200","0.00001018521819283670","0.00001018521819283670","0.00000509260909641837","0.00005092609096418400","KC_600_MIL_CLT_STATN_BIZAEA_2020","20201231"
"서울특별시","광진구","11215","118929","4","3","0","1","8","0.00003363351243178700","0.00002522513432384030","0.00000000000000000000","0.00000840837810794676","0.00006726702486357400","KC_600_MIL_CLT_STATN_BIZAEA_2020","20201231"
"서울특별시","구로구","11530","118872","11","1","0","2","14","0.00009253650985934500","0.00000841240998721314","0.00000000000000000000","0.00001682481997442630","0.00011777373982098400","KC_600_MIL_CLT_STATN_BIZAEA_2020","20201231"
"서울특별시","금천구","11545","72605","4","0","0","1","5","0.00005509262447489800","0.00000000000000000000","0.00000000000000000000","0.00001377315611872460","0.00006886578059362300","KC_600_MIL_CLT_STATN_BIZAEA_2020","20201231"
"서울특별시","노원구","11350","138256","11","3","2","1","17","0.00007956255063071400","0.00002169887744474020","0.00001446591829649350","0.00000723295914824673","0.00012296030552019400","KC_600_MIL_CLT_STATN_BIZAEA_2020","20201231"
"서울특별시","도봉구","11320","84738","6","2","0","1","9","0.00007080648587410600","0.00002360216195803540","0.00000000000000000000","0.00001180108097901770","0.00010620972881115900","KC_600_MIL_CLT_STATN_BIZAEA_2020","20201231"
"서울특별시","동대문구","11230","106625","4","5","0","0","9","0.00003751465416178200","0.00004689331770222740","0.00000000000000000000","0.00000000000000000000","0.00008440797186400900","KC_600_MIL_CLT_STATN_BIZAEA_2020","20201231"
"서울특별시","동작구","11590","128946","6","1","0","0","7","0.00004653110604439100","0.00000775518434073178","0.00000000000000000000","0.00000000000000000000","0.00005428629038512300","KC_600_MIL_CLT_STATN_BIZAEA_2020","20201231"
"서울특별시","마포구","11440","126577","6","6","0","1","13","0.00004740197666242700","0.00004740197666242680","0.00000000000000000000","0.00000790032944373780","0.00010270428276859100","KC_600_MIL_CLT_STATN_BIZAEA_2020","20201231"
"서울특별시","서대문구","11410","95530","4","7","0","1","12","0.00004187166335182700","0.00007327541086569660","0.00000000000000000000","0.00001046791583795670","0.00012561499005548000","KC_600_MIL_CLT_STATN_BIZAEA_2020","20201231"
"서울특별시","서초구","11650","118681","6","5","5","1","17","0.00005055569130694900","0.00004212974275579070","0.00004212974275579070","0.00000842594855115815","0.00014324112536968800","KC_600_MIL_CLT_STATN_BIZAEA_2020","20201231"
"서울특별시","성동구","11200","94283","6","3","2","2","13","0.00006363819564502600","0.00003181909782251310","0.00002121273188167540","0.00002121273188167540","0.00013788275723089000","KC_600_MIL_CLT_STATN_BIZAEA_2020","20201231"
"서울특별시","성북구","11290","127082","10","8","1","0","19","0.00007868935018334600","0.00006295148014667690","0.00000786893501833462","0.00000000000000000000","0.00014950976534835800","KC_600_MIL_CLT_STATN_BIZAEA_2020","20201231"
"서울특별시","송파구","11710","205124","12","5","2","0","19","0.00005850119927458500","0.00002437549969774380","0.00000975019987909752","0.00000000000000000000","0.00009262689885142700","KC_600_MIL_CLT_STATN_BIZAEA_2020","20201231"
"서울특별시","양천구","11470","118059","9","0","0","1","10","0.00007623306990572500","0.00000000000000000000","0.00000000000000000000","0.00000847034110063612","0.00008470341100636100","KC_600_MIL_CLT_STATN_BIZAEA_2020","20201231"
"서울특별시","영등포구","11560","127706","5","3","1","1","10","0.00003915242823359900","0.00002349145694015940","0.00000783048564671981","0.00000783048564671981","0.00007830485646719800","KC_600_MIL_CLT_STATN_BIZAEA_2020","20201231"
"서울특별시","용산구","11170","71531","4","7","5","1","17","0.00005591981099103900","0.00009785966923431800","0.00006989976373879860","0.00001397995274775970","0.00023765919671191500","KC_600_MIL_CLT_STATN_BIZAEA_2020","20201231"
"서울특별시","은평구","11380","135815","7","2","1","1","11","0.00005154069874461600","0.00001472591392703310","0.00000736295696351655","0.00000736295696351655","0.00008099252659868200","KC_600_MIL_CLT_STATN_BIZAEA_2020","20201231"
"서울특별시","종로구","11110","43368","7","35","19","2","63","0.00016140933407120500","0.00080704667035602300","0.00043811104962184100","0.00004611695259177270","0.00145268400664084000","KC_600_MIL_CLT_STATN_BIZAEA_2020","20201231"
"서울특별시","중구","11140","38751","5","16","2","1","24","0.00012902892828572200","0.00041289257051430900","0.00005161157131428870","0.00002580578565714430","0.00061933885577146400","KC_600_MIL_CLT_STATN_BIZAEA_2020","20201231"
"서울특별시","중랑구","11260","114395","4","0","0","0","4","0.00003496656322391700","0.00000000000000000000","0.00000000000000000000","0.00000000000000000000","0.00003496656322391700","KC_600_MIL_CLT_STATN_BIZAEA_2020","20201231"
"세종특별자치시","세종","36110","61330","0","7","0","0","7","0.00000000000000000000","0.00011413663786075300","0.00000000000000000000","0.00000000000000000000","0.00011413663786075300","KC_600_MIL_CLT_STATN_BIZAEA_2020","20201231"
"세종특별자치시","세종시","36110","61330","10","0","0","0","10","0.00016305233980107600","0.00000000000000000000","0.00000000000000000000","0.00000000000000000000","0.00016305233980107600","KC_600_MIL_CLT_STATN_BIZAEA_2020","20201231"
"세종특별자치시","조치원읍","36110","61330","0","0","0","1","1","0.00000000000000000000","0.00000000000000000000","0.00000000000000000000","0.00001630523398010760","0.00001630523398010800","KC_600_MIL_CLT_STATN_BIZAEA_2020","20201231"
"울산광역시","남구","31140","88344","5","3","0","1","9","0.00005659693923752600","0.00003395816354251560","0.00000000000000000000","0.00001131938784750520","0.00010187449062754700","KC_600_MIL_CLT_STATN_BIZAEA_2020","20201231"
"울산광역시","동구","31170","41009","1","0","0","1","2","0.00002438489112146100","0.00000000000000000000","0.00000000000000000000","0.00002438489112146110","0.00004876978224292200","KC_600_MIL_CLT_STATN_BIZAEA_2020","20201231"
"울산광역시","북구","31200","62201","7","0","0","1","8","0.00011253838362727300","0.00000000000000000000","0.00000000000000000000","0.00001607691194675330","0.00012861529557402600","KC_600_MIL_CLT_STATN_BIZAEA_2020","20201231"
"울산광역시","울주군","31710","52486","4","6","0","1","11","0.00007621079907022800","0.00011431619860534200","0.00000000000000000000","0.00001905269976755710","0.00020957969744312800","KC_600_MIL_CLT_STATN_BIZAEA_2020","20201231"
"울산광역시","중구","31110","53540","2","1","0","1","4","0.00003735524841240200","0.00001867762420620100","0.00000000000000000000","0.00001867762420620100","0.00007471049682480400","KC_600_MIL_CLT_STATN_BIZAEA_2020","20201231"
"인천광역시","강화군","28710","10683","2","4","3","1","10","0.00018721332958906700","0.00037442665917813300","0.00028081999438360000","0.00009360666479453340","0.00093606664794533400","KC_600_MIL_CLT_STATN_BIZAEA_2020","20201231"
"인천광역시","계양구","28245","82214","5","0","0","1","6","0.00006081689250006100","0.00000000000000000000","0.00000000000000000000","0.00001216337850001220","0.00007298027100007300","KC_600_MIL_CLT_STATN_BIZAEA_2020","20201231"
"인천광역시","남구","28177","45690","8","0","0","0","8","0.00017509301816590100","0.00000000000000000000","0.00000000000000000000","0.00000000000000000000","0.00017509301816590100","KC_600_MIL_CLT_STATN_BIZAEA_2020","20201231"
"인천광역시","남동구","28200","143788","4","3","0","2","9","0.00002781873313489300","0.00002086404985116980","0.00000000000000000000","0.00001390936656744650","0.00006259214955350900","KC_600_MIL_CLT_STATN_BIZAEA_2020","20201231"
"인천광역시","동구","28140","13572","2","1","0","0","3","0.00014736221632773400","0.00007368110816386680","0.00000000000000000000","0.00000000000000000000","0.00022104332449160000","KC_600_MIL_CLT_STATN_BIZAEA_2020","20201231"
"인천광역시","미추홀구","28177","112164","0","4","1","1","6","0.00000000000000000000","0.00003566206626011910","0.00000891551656502978","0.00000891551656502978","0.00005349309939017900","KC_600_MIL_CLT_STATN_BIZAEA_2020","20201231"
"인천광역시","부평구","28237","137894","8","2","0","1","11","0.00005801557718247400","0.00001450389429561840","0.00000000000000000000","0.00000725194714780919","0.00007977141862590100","KC_600_MIL_CLT_STATN_BIZAEA_2020","20201231"
"인천광역시","서구","28260","152558","8","2","0","1","11","0.00005243907235281000","0.00001310976808820250","0.00000000000000000000","0.00000655488404410126","0.00007210372448511400","KC_600_MIL_CLT_STATN_BIZAEA_2020","20201231"
"인천광역시","연수구","28185","109891","8","3","0","2","13","0.00007279941032477600","0.00002729977887179110","0.00000000000000000000","0.00001819985258119410","0.00011829904177776200","KC_600_MIL_CLT_STATN_BIZAEA_2020","20201231"
"인천광역시","옹진군","28720","4615","1","0","0","0","1","0.00021668472372697700","0.00000000000000000000","0.00000000000000000000","0.00000000000000000000","0.00021668472372697700","KC_600_MIL_CLT_STATN_BIZAEA_2020","20201231"
"인천광역시","중구","28110","40503","4","9","1","1","15","0.00009875811668271500","0.00022220576253610800","0.00002468952917067870","0.00002468952917067870","0.00037034293756018100","KC_600_MIL_CLT_STATN_BIZAEA_2020","20201231"
"전라남도","강진군","46810","5359","1","6","2","1","10","0.00018660197798096700","0.00111961186788580000","0.00037320395596193300","0.00018660197798096700","0.00186601977980967000","KC_600_MIL_CLT_STATN_BIZAEA_2020","20201231"
"전라남도","고흥군","46770","7872","4","2","3","1","10","0.00050813008130081300","0.00025406504065040700","0.00038109756097561000","0.00012703252032520300","0.00127032520325203000","KC_600_MIL_CLT_STATN_BIZAEA_2020","20201231"
"전라남도","곡성군","46720","4111","2","0","1","1","4","0.00048649963512527400","0.00000000000000000000","0.00024324981756263700","0.00024324981756263700","0.00097299927025054700","KC_600_MIL_CLT_STATN_BIZAEA_2020","20201231"
"전라남도","광양시","46230","38362","6","1","0","1","8","0.00015640477555914700","0.00002606746259319120","0.00000000000000000000","0.00002606746259319120","0.00020853970074552900","KC_600_MIL_CLT_STATN_BIZAEA_2020","20201231"
"전라남도","구례군","46730","3628","2","2","0","1","5","0.00055126791620727700","0.00055126791620727700","0.00000000000000000000","0.00027563395810363800","0.00137816979051819000","KC_600_MIL_CLT_STATN_BIZAEA_2020","20201231"
"전라남도","나주시","46170","26816","4","5","0","1","10","0.00014916467780429600","0.00018645584725537000","0.00000000000000000000","0.00003729116945107400","0.00037291169451074000","KC_600_MIL_CLT_STATN_BIZAEA_2020","20201231"
"전라남도","담양군","46710","8375","1","5","2","1","9","0.00011940298507462700","0.00059701492537313400","0.00023880597014925400","0.00011940298507462700","0.00107462686567164000","KC_600_MIL_CLT_STATN_BIZAEA_2020","20201231"
"전라남도","목포시","46110","53284","4","6","4","2","16","0.00007506943923128900","0.00011260415884693300","0.00007506943923128890","0.00003753471961564450","0.00030027775692515600","KC_600_MIL_CLT_STATN_BIZAEA_2020","20201231"
"전라남도","무안군","46840","18765","3","1","1","2","7","0.00015987210231814500","0.00005329070077271520","0.00005329070077271520","0.00010658140154543000","0.00037303490540900600","KC_600_MIL_CLT_STATN_BIZAEA_2020","20201231"
"전라남도","보성군","46780","5517","3","2","2","1","8","0.00054377379010331700","0.00036251586006887800","0.00036251586006887800","0.00018125793003443900","0.00145006344027551000","KC_600_MIL_CLT_STATN_BIZAEA_2020","20201231"
"전라남도","순천시","46150","70894","8","7","1","1","17","0.00011284452845092700","0.00009873896239456090","0.00001410556605636580","0.00001410556605636580","0.00023979462295821900","KC_600_MIL_CLT_STATN_BIZAEA_2020","20201231"
"전라남도","신안군","46910","5496","2","2","0","0","4","0.00036390101892285300","0.00036390101892285300","0.00000000000000000000","0.00000000000000000000","0.00072780203784570600","KC_600_MIL_CLT_STATN_BIZAEA_2020","20201231"
"전라남도","여수시","46130","64922","7","2","1","2","12","0.00010782169372477700","0.00003080619820707930","0.00001540309910353960","0.00003080619820707930","0.00018483718924247600","KC_600_MIL_CLT_STATN_BIZAEA_2020","20201231"
"전라남도","영광군","46870","9910","2","2","0","1","5","0.00020181634712411700","0.00020181634712411700","0.00000000000000000000","0.00010090817356205900","0.00050454086781029300","KC_600_MIL_CLT_STATN_BIZAEA_2020","20201231"
"전라남도","영암군","46830","9890","3","4","3","0","10","0.00030333670374115300","0.00040444893832153700","0.00030333670374115300","0.00000000000000000000","0.00101112234580384000","KC_600_MIL_CLT_STATN_BIZAEA_2020","20201231"
"전라남도","완도군","46890","7806","3","2","0","1","6","0.00038431975403535700","0.00025621316935690500","0.00000000000000000000","0.00012810658467845200","0.00076863950807071500","KC_600_MIL_CLT_STATN_BIZAEA_2020","20201231"
"전라남도","장성군","46880","7937","4","2","0","1","7","0.00050396875393725600","0.00025198437696862800","0.00000000000000000000","0.00012599218848431400","0.00088194531939019800","KC_600_MIL_CLT_STATN_BIZAEA_2020","20201231"
"전라남도","장흥군","46800","5900","2","1","0","1","4","0.00033898305084745800","0.00016949152542372900","0.00000000000000000000","0.00016949152542372900","0.00067796610169491500","KC_600_MIL_CLT_STATN_BIZAEA_2020","20201231"
"전라남도","진도군","46900","4811","2","1","5","1","9","0.00041571398877572200","0.00020785699438786100","0.00103928497193931000","0.00020785699438786100","0.00187071294949075000","KC_600_MIL_CLT_STATN_BIZAEA_2020","20201231"
"전라남도","함평군","46860","4660","2","0","2","0","4","0.00042918454935622300","0.00000000000000000000","0.00042918454935622300","0.00000000000000000000","0.00085836909871244600","KC_600_MIL_CLT_STATN_BIZAEA_2020","20201231"
"전라남도","해남군","46820","10683","2","4","1","1","8","0.00018721332958906700","0.00037442665917813300","0.00009360666479453340","0.00009360666479453340","0.00074885331835626700","KC_600_MIL_CLT_STATN_BIZAEA_2020","20201231"
"전라남도","화순군","46790","11545","2","1","4","0","7","0.00017323516673884800","0.00008661758336942400","0.00034647033347769600","0.00000000000000000000","0.00060632308358596800","KC_600_MIL_CLT_STATN_BIZAEA_2020","20201231"
"전라북도","고창군","45790","8198","3","2","0","1","6","0.00036594291290558700","0.00024396194193705800","0.00000000000000000000","0.00012198097096852900","0.00073188582581117400","KC_600_MIL_CLT_STATN_BIZAEA_2020","20201231"
"전라북도","군산시","45130","60434","6","2","2","1","11","0.00009928186120395800","0.00003309395373465270","0.00003309395373465270","0.00001654697686732630","0.00018201674554059000","KC_600_MIL_CLT_STATN_BIZAEA_2020","20201231"
"전라북도","김제시","45210","13915","5","2","1","1","9","0.00035932446999640700","0.00014372978799856300","0.00007186489399928140","0.00007186489399928140","0.00064678404599353200","KC_600_MIL_CLT_STATN_BIZAEA_2020","20201231"
"전라북도","남원시","45190","14061","3","1","2","1","7","0.00021335609131640700","0.00007111869710546900","0.00014223739421093800","0.00007111869710546900","0.00049783087973828300","KC_600_MIL_CLT_STATN_BIZAEA_2020","20201231"
"전라북도","무주군","45730","3501","2","2","1","0","5","0.00057126535275635500","0.00057126535275635500","0.00028563267637817800","0.00000000000000000000","0.00142816338189089000","KC_600_MIL_CLT_STATN_BIZAEA_2020","20201231"
"전라북도","부안군","45800","8240","2","2","2","1","7","0.00024271844660194200","0.00024271844660194200","0.00024271844660194200","0.00012135922330097100","0.00084951456310679600","KC_600_MIL_CLT_STATN_BIZAEA_2020","20201231"
"전라북도","순창군","45770","4085","2","2","1","1","6","0.00048959608323133400","0.00048959608323133400","0.00024479804161566700","0.00024479804161566700","0.00146878824969400000","KC_600_MIL_CLT_STATN_BIZAEA_2020","20201231"
"전라북도","완주군","45710","18282","5","4","1","2","12","0.00027349305327644700","0.00021879444262115700","0.00005469861065528940","0.00010939722131057900","0.00065638332786347200","KC_600_MIL_CLT_STATN_BIZAEA_2020","20201231"
"전라북도","익산시","45140","64879","7","9","2","2","20","0.00010789315494998400","0.00013871977064997900","0.00003082661569999540","0.00003082661569999540","0.00030826615699995400","KC_600_MIL_CLT_STATN_BIZAEA_2020","20201231"
"전라북도","임실군","45750","4086","2","1","0","0","3","0.00048947626040137100","0.00024473813020068500","0.00000000000000000000","0.00000000000000000000","0.00073421439060205600","KC_600_MIL_CLT_STATN_BIZAEA_2020","20201231"
"전라북도","장수군","45740","3224","2","0","0","1","3","0.00062034739454094300","0.00000000000000000000","0.00000000000000000000","0.00031017369727047100","0.00093052109181141400","KC_600_MIL_CLT_STATN_BIZAEA_2020","20201231"
"전라북도","전주시","45111","175038","0","8","3","4","15","0.00000000000000000000","0.00004570436133868070","0.00001713913550200530","0.00002285218066934040","0.00008569567751002600","KC_600_MIL_CLT_STATN_BIZAEA_2020","20201231"
"전라북도","전주시 덕진구","45113","67322","7","0","0","0","7","0.00010397789726983800","0.00000000000000000000","0.00000000000000000000","0.00000000000000000000","0.00010397789726983800","KC_600_MIL_CLT_STATN_BIZAEA_2020","20201231"
"전라북도","전주시 완산구","45111","75364","6","0","0","0","6","0.00007961360861950000","0.00000000000000000000","0.00000000000000000000","0.00000000000000000000","0.00007961360861950000","KC_600_MIL_CLT_STATN_BIZAEA_2020","20201231"
"전라북도","정읍시","45180","19551","5","4","1","2","12","0.00025574139430208200","0.00020459311544166500","0.00005114827886041630","0.00010229655772083300","0.00061377934632499600","KC_600_MIL_CLT_STATN_BIZAEA_2020","20201231"
"전라북도","진안군","45720","3585","1","2","0","0","3","0.00027894002789400300","0.00055788005578800600","0.00000000000000000000","0.00000000000000000000","0.00083682008368200800","KC_600_MIL_CLT_STATN_BIZAEA_2020","20201231"
"제주특별자치도","서귀포시","50130","39009","11","36","12","1","60","0.00028198620831090300","0.00092286395447204500","0.00030762131815734800","0.00002563510984644570","0.00153810659078674000","KC_600_MIL_CLT_STATN_BIZAEA_2020","20201231"
"제주특별자치도","제주시","50110","126159","11","32","9","2","54","0.00008719155985700600","0.00025364817412947200","0.00007133854897391390","0.00001585301088309200","0.00042803129384348300","KC_600_MIL_CLT_STATN_BIZAEA_2020","20201231"
"충청남도","계룡시","44250","9509","2","0","0","1","3","0.00021032705857608600","0.00000000000000000000","0.00000000000000000000","0.00010516352928804300","0.00031549058786412900","KC_600_MIL_CLT_STATN_BIZAEA_2020","20201231"
"충청남도","공주시","44150","20853","4","10","1","1","16","0.00019181892293674800","0.00047954730734186900","0.00004795473073418690","0.00004795473073418690","0.00076727569174699100","KC_600_MIL_CLT_STATN_BIZAEA_2020","20201231"
"충청남도","금산군","44710","7770","5","4","0","1","10","0.00064350064350064300","0.00051480051480051500","0.00000000000000000000","0.00012870012870012900","0.00128700128700129000","KC_600_MIL_CLT_STATN_BIZAEA_2020","20201231"
"충청남도","논산시","44230","22249","3","1","1","1","6","0.00013483752078745100","0.00004494584026248370","0.00004494584026248370","0.00004494584026248370","0.00026967504157490200","KC_600_MIL_CLT_STATN_BIZAEA_2020","20201231"
"충청남도","당진시","44270","38878","4","4","1","1","10","0.00010288595092340100","0.00010288595092340100","0.00002572148773085040","0.00002572148773085040","0.00025721487730850400","KC_600_MIL_CLT_STATN_BIZAEA_2020","20201231"
"충청남도","보령시","44180","19018","5","2","1","1","9","0.00026290882322010700","0.00010516352928804300","0.00005258176464402150","0.00005258176464402150","0.00047323588179619300","KC_600_MIL_CLT_STATN_BIZAEA_2020","20201231"
"충청남도","부여군","44760","9859","2","5","0","1","8","0.00020286033066233900","0.00050715082665584700","0.00000000000000000000","0.00010143016533116900","0.00081144132264935600","KC_600_MIL_CLT_STATN_BIZAEA_2020","20201231"
"충청남도","서산시","44210","41377","5","0","0","1","6","0.00012084008023781300","0.00000000000000000000","0.00000000000000000000","0.00002416801604756270","0.00014500809628537600","KC_600_MIL_CLT_STATN_BIZAEA_2020","20201231"
"충청남도","서천군","44770","7377","2","2","0","1","5","0.00027111291853056800","0.00027111291853056800","0.00000000000000000000","0.00013555645926528400","0.00067778229632642000","KC_600_MIL_CLT_STATN_BIZAEA_2020","20201231"
"충청남도","아산시","44200","84787","7","5","1","1","14","0.00008255982638847900","0.00005897130456319950","0.00001179426091263990","0.00001179426091263990","0.00016511965277695900","KC_600_MIL_CLT_STATN_BIZAEA_2020","20201231"
"충청남도","예산군","44810","12996","3","5","1","2","11","0.00023084025854109000","0.00038473376423514900","0.00007694675284702990","0.00015389350569406000","0.00084641428131732800","KC_600_MIL_CLT_STATN_BIZAEA_2020","20201231"
"충청남도","천안시","44131","202143","0","9","2","3","14","0.00000000000000000000","0.00004452293673290690","0.00000989398594064598","0.00001484097891096900","0.00006925790158452200","KC_600_MIL_CLT_STATN_BIZAEA_2020","20201231"
"충청남도","천안시 동남구","44131","59418","6","0","0","0","6","0.00010097950116126400","0.00000000000000000000","0.00000000000000000000","0.00000000000000000000","0.00010097950116126400","KC_600_MIL_CLT_STATN_BIZAEA_2020","20201231"
"충청남도","천안시 서북구","44133","86974","6","0","0","0","6","0.00006898613378710900","0.00000000000000000000","0.00000000000000000000","0.00000000000000000000","0.00006898613378710900","KC_600_MIL_CLT_STATN_BIZAEA_2020","20201231"
"충청남도","청양군","44790","4683","2","1","0","1","4","0.00042707666026051700","0.00021353833013025800","0.00000000000000000000","0.00021353833013025800","0.00085415332052103400","KC_600_MIL_CLT_STATN_BIZAEA_2020","20201231"
"충청남도","태안군","44825","10189","3","4","0","1","8","0.00029443517518892900","0.00039258023358523900","0.00000000000000000000","0.00009814505839630970","0.00078516046717047800","KC_600_MIL_CLT_STATN_BIZAEA_2020","20201231"
"충청남도","홍성군","44800","20138","3","3","1","1","8","0.00014897209256132700","0.00014897209256132700","0.00004965736418710890","0.00004965736418710890","0.00039725891349687200","KC_600_MIL_CLT_STATN_BIZAEA_2020","20201231"
"충청북도","괴산군","43760","5388","1","3","0","1","5","0.00018559762435040800","0.00055679287305122500","0.00000000000000000000","0.00018559762435040800","0.00092798812175204200","KC_600_MIL_CLT_STATN_BIZAEA_2020","20201231"
"충청북도","단양군","43800","4296","3","2","0","1","6","0.00069832402234636900","0.00046554934823091200","0.00000000000000000000","0.00023277467411545600","0.00139664804469274000","KC_600_MIL_CLT_STATN_BIZAEA_2020","20201231"
"충청북도","보은군","43720","4598","1","2","0","1","4","0.00021748586341887800","0.00043497172683775600","0.00000000000000000000","0.00021748586341887800","0.00086994345367551100","KC_600_MIL_CLT_STATN_BIZAEA_2020","20201231"
"충청북도","영동군","43740","7762","2","4","0","1","7","0.00025766555011595000","0.00051533110023189900","0.00000000000000000000","0.00012883277505797500","0.00090182942540582300","KC_600_MIL_CLT_STATN_BIZAEA_2020","20201231"
"충청북도","옥천군","43730","8288","2","2","0","1","5","0.00024131274131274100","0.00024131274131274100","0.00000000000000000000","0.00012065637065637100","0.00060328185328185300","KC_600_MIL_CLT_STATN_BIZAEA_2020","20201231"
"충청북도","음성군","43770","19246","4","6","0","1","11","0.00020783539436766100","0.00031175309155149100","0.00000000000000000000","0.00005195884859191520","0.00057154733451106700","KC_600_MIL_CLT_STATN_BIZAEA_2020","20201231"
"충청북도","제천시","43150","27814","6","5","0","1","12","0.00021571870281153400","0.00017976558567627800","0.00000000000000000000","0.00003595311713525560","0.00043143740562306800","KC_600_MIL_CLT_STATN_BIZAEA_2020","20201231"
"충청북도","증평군","43745","9309","2","1","0","1","4","0.00021484584810398500","0.00010742292405199300","0.00000000000000000000","0.00010742292405199300","0.00042969169620797100","KC_600_MIL_CLT_STATN_BIZAEA_2020","20201231"
"충청북도","진천군","43750","20747","4","1","1","1","7","0.00019279895888562200","0.00004819973972140550","0.00004819973972140550","0.00004819973972140550","0.00033739817804983900","KC_600_MIL_CLT_STATN_BIZAEA_2020","20201231"
"충청북도","청주시","43111","238290","0","12","9","2","23","0.00000000000000000000","0.00005035880649628600","0.00003776910487221450","0.00000839313441604767","0.00009652104578454800","KC_600_MIL_CLT_STATN_BIZAEA_2020","20201231"
"충청북도","청주시 상당구","43111","36755","3","0","0","0","3","0.00008162154808869500","0.00000000000000000000","0.00000000000000000000","0.00000000000000000000","0.00008162154808869500","KC_600_MIL_CLT_STATN_BIZAEA_2020","20201231"
"충청북도","청주시 서원구","43112","46071","3","0","0","0","3","0.00006511688480823100","0.00000000000000000000","0.00000000000000000000","0.00000000000000000000","0.00006511688480823100","KC_600_MIL_CLT_STATN_BIZAEA_2020","20201231"
"충청북도","청주시 청원구","43114","41714","4","0","0","0","4","0.00009589106774703900","0.00000000000000000000","0.00000000000000000000","0.00000000000000000000","0.00009589106774703900","KC_600_MIL_CLT_STATN_BIZAEA_2020","20201231"
"충청북도","청주시 흥덕구","43113","56351","5","0","0","0","5","0.00008872957001650400","0.00000000000000000000","0.00000000000000000000","0.00000000000000000000","0.00008872957001650400","KC_600_MIL_CLT_STATN_BIZAEA_2020","20201231"
"충청북도","충주시","43130","47775","5","6","2","1","14","0.00010465724751439000","0.00012558869701726800","0.00004186289900575620","0.00002093144950287810","0.00029304029304029300","KC_600_MIL_CLT_STATN_BIZAEA_2020","20201231"
